gxyName	alenRank	math_initial_theta	pitch_angle	math_initial_radius	relative_theta_start	relative_theta_end	r_start	r_end	used2rev	failed2rev	hasUndefinedEndpoints	arc_length	num_pixels	err_per_len	err_per_pixel	mean_intensity	brt_ratio_score	anovaF_score	clusOutputColor
1237649918971216048	1	8.622811	8.891187	80.134980	0.000000	3.863127	43.788522	80.134980	0	0	0	235.163232	3485.000000	214.675842	14.486044	0.411768	1.212566	1097.831600	[0_1_0]
1237649918971216048	2	0.654380	18.096920	79.051708	0.000000	6.069124	10.878274	79.051708	0	0	0	219.471579	2777.000000	170.500686	13.474993	0.500566	1.186550	582.542710	[1_1_0]
1237649918971216048	3	6.135624	-1.513546	91.890076	0.000000	1.681940	91.890076	96.065871	0	0	0	158.094440	2215.000000	271.795349	19.399248	0.294930	1.154287	729.414693	[1_0_1]
1237649918971216048	4	11.368826	-16.826652	70.210274	0.000000	0.992057	70.210274	94.776152	0	0	0	84.862949	721.000000	103.443142	12.175437	0.306304	1.164417	156.887989	[0_1_1]
1237649918971216048	5	7.965023	18.267430	48.580523	0.000000	1.100704	33.780837	48.580523	0	0	0	47.215055	324.000000	19.330435	2.816937	0.525133	1.088399	122.567276	[1_0_0]
1237649918971216048	6	6.223455	-47.498419	65.276615	0.000000	0.265198	65.276615	87.184872	0	0	0	29.715834	155.000000	12.769577	2.448120	0.342441	1.010926	1.247028	[0_0_1]
