gxyName	alenRank	math_initial_theta	pitch_angle	math_initial_radius	relative_theta_start	relative_theta_end	r_start	r_end	used2rev	failed2rev	hasUndefinedEndpoints	arc_length	num_pixels	err_per_len	err_per_pixel	mean_intensity	brt_ratio_score	anovaF_score	clusOutputColor
1237660635996291172	1	7.798406	17.116016	120.949023	0.000000	4.431628	30.897218	120.949023	0	0	0	305.978648	4770.000000	196.478595	12.603408	0.373149	1.213481	771.148759	[0.8_1_0]
1237660635996291172	2	5.159527	18.054473	91.597775	0.000000	3.164101	32.655114	91.597775	0	0	0	190.186045	2815.000000	258.593777	17.471022	0.417644	1.091183	169.191935	[0.2_0_1]
1237660635996291172	3	6.331153	23.324350	114.364264	0.000000	1.347139	63.978050	114.364264	0	0	0	127.258544	1574.000000	81.111632	6.557909	0.304323	1.187048	892.209885	[0.8_0_1]
1237660635996291172	4	10.452949	16.302817	124.401815	0.000000	0.793532	98.635307	124.401815	0	0	0	91.789212	1505.000000	142.474715	8.689463	0.223698	1.474711	1039.082648	[0_1_0.4]
1237660635996291172	5	1.840772	2.365255	16.671469	0.000000	6.054661	12.982617	16.671469	0	0	0	89.383879	1075.000000	261.176679	21.716265	0.743038	1.114266	300.977297	[0_0.4_1]
1237660635996291172	6	9.722377	24.859382	119.189738	0.000000	0.547985	92.464287	119.189738	0	0	0	63.572588	947.000000	105.919689	7.110442	0.242265	1.218708	463.231889	[1_0.6_0]
1237660635996291172	7	7.890024	17.097182	65.824690	0.000000	0.977090	48.737827	65.824690	0	0	0	58.119904	838.000000	136.197444	9.446041	0.428416	1.159625	391.214239	[0.2_1_0]
1237660635996291172	8	8.620494	-46.444973	108.275857	0.000000	0.306172	108.275857	149.410843	0	0	0	56.760387	963.000000	232.382209	13.696889	0.233910	1.621883	1121.702171	[1_0_0]
1237660635996291172	9	10.422199	-23.049641	26.565432	0.000000	0.649481	26.565432	35.021552	0	0	0	21.597713	150.000000	35.000388	5.039522	0.600873	1.055699	111.104133	[0_1_1]
